A.0_ID flood wave shape,A.1_Bmax,A.1_Brate,A.1_pfail,A.2_Bmax,A.2_Brate,A.2_pfail,A.3_Bmax,A.3_Brate,A.3_pfail,A.4_Bmax,A.4_Brate,A.4_pfail,A.5_Bmax,A.5_Brate,A.5_pfail,discount rate 0,discount rate 1,discount rate 2
56,261.566895434895,1.0,0.3037660711229934,55.23177915484308,1.0,0.4533683136574254,269.91002079138786,1.5,0.8063258978122999,329.1099366367811,10.0,0.1883491848042114,45.52714782264192,1.5,0.0983481038729418,1.5,4.5,3.5
106,200.419118356935,10.0,0.0072193145147083,126.85209920457156,1.0,0.4240211164964129,219.7371321646026,1.0,0.8452879904277644,59.31874470567576,1.0,0.1189577042103656,297.6226897179059,1.5,0.6644546087135984,2.5,4.5,1.5
68,92.93691744704137,1.5,0.6493941326547089,139.98081654996838,1.0,0.4268328416109062,114.0269898420081,10.0,0.0495883538409539,276.1995922727705,1.0,0.9148080530742354,283.02965811514827,1.0,0.8149852466330497,3.5,1.5,4.5
42,340.4518835066869,1.0,0.557559969727827,42.055653743670106,10.0,0.787582354351576,230.9216646375752,1.0,1.3481411346393554e-05,247.9247774483051,1.0,0.2218354969420597,142.0418301631497,1.0,0.2142482764388242,1.5,3.5,1.5
