A.0_ID flood wave shape,A.1_Bmax,A.1_Brate,A.1_pfail,A.2_Bmax,A.2_Brate,A.2_pfail,A.3_Bmax,A.3_Brate,A.3_pfail,A.4_Bmax,A.4_Brate,A.4_pfail,A.5_Bmax,A.5_Brate,A.5_pfail,discount rate 0,discount rate 1,discount rate 2
73,131.6562366789031,1.5,0.3221142909534575,298.34059919953154,10.0,0.0810377051325353,142.283546954177,10.0,0.0984048133528154,118.58615111823866,1.0,0.269814456212469,306.7938222716181,1.5,0.3246226461523906,1.5,2.5,1.5
56,60.190255086573146,10.0,0.0421694192508295,278.69949796303547,1.5,0.2219394024312055,327.98800401891293,1.0,0.035606989747577,115.11401386911436,10.0,0.8919059955429143,56.1052662961584,1.5,0.2718824660826114,2.5,1.5,1.5
52,31.89350962217153,1.5,0.3390932059228956,40.40524311513396,10.0,0.1260616796099117,174.50041710632954,1.5,0.1220956636477149,332.8510594312245,1.5,0.226140305284963,282.42212543952314,1.5,0.0677776199746644,3.5,1.5,4.5
10,160.63021142199028,10.0,0.3120323329071093,232.8485215143192,10.0,0.2429153125794269,313.6076770640957,10.0,0.0262512373482336,325.8680065009826,10.0,0.464302122907469,40.91848358465329,1.0,0.4309014878856844,3.5,1.5,1.5
