0_RfR 0,0_RfR 1,0_RfR 2,1_RfR 0,1_RfR 1,1_RfR 2,2_RfR 0,2_RfR 1,2_RfR 2,3_RfR 0,3_RfR 1,3_RfR 2,4_RfR 0,4_RfR 1,4_RfR 2,EWS_DaysToThreat,A.1_DikeIncrease 0,A.1_DikeIncrease 1,A.1_DikeIncrease 2,A.2_DikeIncrease 0,A.2_DikeIncrease 1,A.2_DikeIncrease 2,A.3_DikeIncrease 0,A.3_DikeIncrease 1,A.3_DikeIncrease 2,A.4_DikeIncrease 0,A.4_DikeIncrease 1,A.4_DikeIncrease 2,A.5_DikeIncrease 0,A.5_DikeIncrease 1,A.5_DikeIncrease 2,Expected Annual Damage,Dike Investment Costs,RfR Investment Costs,Evacuation Costs,Expected Number of Deaths,Total Investment Costs,Expected Annual Costs,Scenario
0,0,0,0,0,0,1,1,1,1,1,0,0,0,0,0,0,0,0,0,0,0,0,0,0,1,0,0,0,0,0,2610870.8725423617,6320800.0,334500000.0,0.0,0.0022551440847297,340820800.0,2610870.8725423617,Favourable_1
0,0,0,0,0,0,1,1,1,0,1,0,0,0,0,0,0,0,0,0,0,0,1,0,0,2,0,0,1,0,0,2624313.01124603,52668581.0,213300000.0,0.0,0.0022776699473183,265968581.0,2624313.01124603,Favourable_1
0,0,0,0,0,0,1,1,1,0,0,0,0,0,0,0,0,0,0,0,0,0,1,0,0,3,0,0,3,0,0,2637755.1499496987,59104221.36630872,92100000.0,0.0,0.0023001958099069,151204221.36630872,2637755.1499496987,Favourable_1
0,1,0,0,0,0,1,1,1,0,0,0,0,0,0,3,0,0,0,3,0,0,6,0,0,2,0,0,3,0,0,0.0,116925103.54371348,176700000.0,0.0,0.0,293625103.54371345,0.0,Medium_2
1,1,0,0,0,0,1,1,1,0,0,0,0,0,0,1,0,0,0,3,0,0,0,0,0,6,0,0,8,0,0,0.0,108892859.25907002,261300000.0,0.0,0.0,370192859.25907004,0.0,Medium_0
0,1,0,0,0,0,1,1,1,0,1,0,0,0,0,3,0,0,0,3,0,0,6,0,0,1,0,0,2,0,0,0.0,113140527.5591332,297900000.0,0.0,0.0,411040527.5591332,0.0,Medium_2
0,1,1,0,0,0,1,0,1,0,0,1,0,0,0,0,0,0,0,6,0,0,10,0,0,0,0,0,0,0,0,12668465.636463502,110260123.8096867,351800000.0,0.0,0.0055752049599813,462060123.8096867,12668465.636463502,Unfavourable_1
1,1,1,0,0,0,0,1,0,0,1,0,0,0,0,0,0,0,0,6,0,0,10,0,0,1,0,0,0,0,0,19369376.881932165,116580924.11935297,405700000.0,0.0,0.0076490153062569,522280924.11935294,19369376.881932165,Unfavourable_0
1,0,1,0,0,0,1,1,1,0,0,1,0,0,0,0,0,0,0,5,0,0,9,0,0,0,0,0,0,0,0,15563497.70892884,100019154.30131644,382500000.0,0.0,0.0078488943489826,482519154.30131644,15563497.70892884,Unfavourable_1
